,gameId,playId,passLength,offenseFormation,defendersInTheBox,tackleZone_5to10,tackleZone_3to7,tackleZone_2to5,tackleZone_1to3,tackleZone_5to10_blck,tackleZone_3to7_blck,tackleZone_2to5_blck,tackleZone_1to3_blck,YAC,prePenaltyPlayResult
0,2022091111,1148,11.0,I_FORM,6.0,3,3,2,1,0,0,0,0,4.0,15
1,2022091102,3336,11.0,SHOTGUN,6.0,5,4,4,3,1,0,0,0,0.0,11
2,2022091109,1705,2.0,SINGLEBACK,7.0,2,1,1,1,0,0,0,0,6.0,8
3,2022091100,1887,18.0,SHOTGUN,5.0,4,3,2,2,1,1,0,0,13.0,31
4,2022091104,865,15.0,SHOTGUN,6.0,3,3,1,1,0,0,0,0,3.0,18
5,2022091108,2938,5.0,SHOTGUN,6.0,3,2,2,2,1,0,0,0,1.0,6
6,2022091108,1222,2.0,SINGLEBACK,7.0,4,3,3,2,0,0,0,0,0.0,2
7,2022091106,2450,0.0,SINGLEBACK,6.0,4,4,3,3,0,0,0,0,1.0,1
8,2022091103,1171,4.0,SHOTGUN,7.0,3,3,3,2,1,0,0,0,0.0,4
9,2022091104,3307,17.0,SINGLEBACK,6.0,2,2,1,1,0,0,0,0,12.0,29
10,2022091106,2743,5.0,I_FORM,7.0,3,2,2,1,0,0,0,0,3.0,8
11,2022091108,3712,2.0,SHOTGUN,6.0,3,2,2,2,1,1,0,0,1.0,3
12,2022091105,3139,6.0,EMPTY,5.0,3,2,2,0,0,0,0,0,3.0,9
13,2022091112,611,3.0,EMPTY,5.0,3,2,2,0,1,0,0,0,3.0,6
14,2022091106,835,4.0,SHOTGUN,7.0,3,2,2,2,0,0,0,0,1.0,5
15,2022090800,2184,4.0,SHOTGUN,5.0,4,4,4,1,1,0,0,0,3.0,7
16,2022091113,2672,13.0,SHOTGUN,6.0,4,4,3,1,0,0,0,0,1.0,14
17,2022091112,2167,-3.0,PISTOL,5.0,3,2,2,2,1,0,0,0,3.0,0
18,2022091110,3026,3.0,SHOTGUN,5.0,3,2,2,0,1,1,0,0,1.0,4
19,2022091107,744,3.0,SHOTGUN,6.0,3,2,2,2,0,0,0,0,5.0,8
20,2022090800,2307,21.0,EMPTY,5.0,4,3,3,2,0,0,0,0,2.0,23
21,2022091102,1517,14.0,SHOTGUN,6.0,2,2,2,1,0,0,0,0,0.0,14
22,2022091107,3299,3.0,EMPTY,6.0,2,2,2,1,0,0,0,0,3.0,6
23,2022091104,3059,2.0,SHOTGUN,6.0,5,2,2,2,1,0,0,0,2.0,4
24,2022091110,2474,15.0,EMPTY,6.0,3,2,2,1,0,0,0,0,15.0,30
25,2022091200,1487,16.0,SHOTGUN,6.0,1,1,1,1,0,0,0,0,0.0,16
26,2022091100,1359,4.0,EMPTY,6.0,4,3,3,2,1,0,0,0,2.0,6
27,2022091106,196,9.0,SHOTGUN,8.0,2,2,2,1,0,0,0,0,2.0,11
28,2022091110,1338,-2.0,SHOTGUN,7.0,3,1,1,1,1,0,0,0,6.0,4
29,2022091101,3591,4.0,SHOTGUN,7.0,2,2,2,2,0,0,0,0,1.0,5
30,2022091200,786,1.0,SINGLEBACK,6.0,3,3,2,1,1,0,0,0,6.0,7
31,2022091113,1689,1.0,SHOTGUN,6.0,3,2,2,2,0,0,0,0,4.0,5
32,2022091106,130,4.0,SHOTGUN,5.0,5,4,4,2,1,1,1,0,4.0,8
33,2022091113,3971,4.0,SHOTGUN,5.0,3,2,2,1,1,0,0,0,6.0,10
34,2022091101,1945,-3.0,SHOTGUN,5.0,3,2,2,1,3,3,2,1,27.0,24
35,2022091102,2302,30.0,SHOTGUN,6.0,2,2,1,1,0,0,0,0,14.0,44
36,2022091113,3853,16.0,SHOTGUN,5.0,3,3,3,3,0,0,0,0,1.0,17
37,2022091103,4686,3.0,SHOTGUN,6.0,2,2,1,1,0,0,0,0,3.0,6
38,2022091106,2191,1.0,SINGLEBACK,7.0,3,2,2,2,0,0,0,0,14.0,15
39,2022091109,163,13.0,SINGLEBACK,6.0,2,2,2,2,0,0,0,0,2.0,15
40,2022091106,290,3.0,SHOTGUN,7.0,3,2,2,1,1,0,0,0,5.0,8
41,2022091107,911,7.0,SINGLEBACK,8.0,3,1,1,1,0,0,0,0,4.0,11
42,2022091111,2806,2.0,SHOTGUN,6.0,2,2,1,1,0,0,0,0,8.0,10
43,2022091107,2285,-3.0,SINGLEBACK,7.0,2,1,1,1,3,3,0,0,18.0,15
44,2022091108,445,14.0,SHOTGUN,6.0,4,4,2,2,0,0,0,0,0.0,14
45,2022091104,1847,4.0,SHOTGUN,6.0,3,3,2,2,0,0,0,0,0.0,4
46,2022091110,1515,5.0,EMPTY,7.0,3,2,2,2,0,0,0,0,0.0,5
47,2022091103,2058,3.0,SHOTGUN,7.0,3,3,2,2,1,1,0,0,0.0,3
48,2022091109,1475,-2.0,EMPTY,6.0,4,3,2,1,4,2,1,0,8.0,6
49,2022091100,121,1.0,SHOTGUN,6.0,5,5,3,2,1,0,0,0,4.0,5
50,2022091110,240,11.0,SHOTGUN,5.0,2,2,2,1,0,0,0,0,7.0,18
51,2022091101,1785,-1.0,SHOTGUN,8.0,4,3,2,1,1,0,0,0,2.0,1
52,2022091109,1681,0.0,SHOTGUN,6.0,1,1,1,1,0,0,0,0,10.0,10
53,2022091101,1744,20.0,SHOTGUN,6.0,2,1,1,1,0,0,0,0,30.0,50
54,2022091110,3002,2.0,SHOTGUN,5.0,4,2,1,1,1,0,0,0,6.0,8
55,2022091113,1339,5.0,SHOTGUN,6.0,3,2,2,2,1,0,0,0,0.0,5
56,2022091107,3323,2.0,SHOTGUN,6.0,3,2,1,1,1,1,0,0,6.0,8
57,2022091200,467,4.0,EMPTY,4.0,4,2,2,1,0,0,0,0,2.0,6
58,2022091101,109,-3.0,EMPTY,5.0,3,1,1,1,2,1,0,0,7.0,4
59,2022091110,2845,8.0,SHOTGUN,6.0,3,2,2,1,2,1,0,0,2.0,10
60,2022091200,1521,7.0,SINGLEBACK,7.0,2,2,1,1,1,0,0,0,11.0,18
61,2022091101,3101,0.0,SHOTGUN,7.0,4,2,1,0,2,2,1,0,12.0,12
62,2022091112,2346,9.0,SHOTGUN,6.0,2,2,2,2,0,0,0,0,0.0,9
63,2022091112,991,-2.0,SHOTGUN,7.0,3,2,1,1,1,1,1,0,6.0,4
64,2022091112,3696,13.0,SHOTGUN,6.0,2,2,2,1,1,0,0,0,2.0,15
65,2022091107,3551,4.0,SHOTGUN,5.0,2,2,2,2,0,0,0,0,0.0,4
66,2022091105,2425,18.0,SINGLEBACK,6.0,2,2,1,1,0,0,0,0,4.0,22
67,2022091103,4872,0.0,SHOTGUN,4.0,3,2,1,1,1,0,0,0,6.0,6
68,2022091109,1968,7.0,SHOTGUN,5.0,2,2,2,2,0,0,0,0,1.0,8
69,2022091112,1236,7.0,SHOTGUN,6.0,4,4,4,2,1,1,1,0,0.0,7
70,2022091106,2840,-4.0,SINGLEBACK,7.0,5,1,1,1,4,1,0,0,11.0,7
71,2022091113,3947,13.0,SHOTGUN,4.0,4,3,3,3,0,0,0,0,0.0,13
72,2022091105,3387,5.0,SINGLEBACK,8.0,3,2,1,1,0,0,0,0,2.0,7
73,2022090800,236,15.0,I_FORM,7.0,2,1,1,1,0,0,0,0,11.0,26
74,2022091111,3433,6.0,SHOTGUN,6.0,3,3,3,3,0,0,0,0,1.0,7
75,2022091111,2360,5.0,SHOTGUN,5.0,4,4,3,2,1,1,0,0,4.0,9
76,2022091108,2353,13.0,SINGLEBACK,7.0,3,2,2,1,0,0,0,0,14.0,27
77,2022090800,2336,4.0,SINGLEBACK,5.0,2,2,2,2,0,0,0,0,6.0,10
78,2022091107,3139,13.0,EMPTY,6.0,2,2,1,1,0,0,0,0,4.0,17
79,2022091108,2208,37.0,SHOTGUN,6.0,2,2,1,1,0,0,0,0,28.0,65
80,2022091112,736,-5.0,EMPTY,7.0,4,2,1,1,3,2,1,0,11.0,6
81,2022091109,2747,10.0,SHOTGUN,6.0,2,2,2,1,0,0,0,0,1.0,11
82,2022091103,2740,6.0,SHOTGUN,6.0,2,2,2,2,0,0,0,0,0.0,6
83,2022091112,1946,1.0,SHOTGUN,7.0,3,2,2,2,1,1,1,1,1.0,2
84,2022091108,2914,-2.0,SINGLEBACK,6.0,2,2,2,1,3,3,3,1,8.0,6
85,2022091200,2268,3.0,SHOTGUN,5.0,3,2,1,1,0,0,0,0,5.0,8
86,2022091105,643,13.0,SINGLEBACK,7.0,3,2,2,1,0,0,0,0,7.0,20
87,2022090800,2860,3.0,SHOTGUN,5.0,3,2,2,1,0,0,0,0,4.0,7
88,2022091106,2019,3.0,SHOTGUN,6.0,4,4,2,1,1,0,0,0,3.0,6
89,2022091112,3128,-6.0,SHOTGUN,6.0,1,1,1,1,0,0,0,0,11.0,5
90,2022091101,4068,-2.0,EMPTY,6.0,3,2,2,1,0,0,0,0,0.0,-2
91,2022091108,216,11.0,SHOTGUN,7.0,2,1,1,1,1,0,0,0,9.0,20
92,2022091107,1260,10.0,PISTOL,6.0,2,2,2,1,0,0,0,0,1.0,11
93,2022091104,580,-2.0,SINGLEBACK,6.0,2,2,2,2,3,1,1,1,0.0,-2
94,2022091109,2083,0.0,SHOTGUN,5.0,2,2,2,1,0,0,0,0,-5.0,-5
95,2022091107,412,3.0,SHOTGUN,6.0,3,3,3,2,0,0,0,0,0.0,3
96,2022090800,3166,5.0,SHOTGUN,4.0,3,3,3,3,1,0,0,0,1.0,6
97,2022090800,867,-1.0,SINGLEBACK,7.0,3,2,1,1,0,0,0,0,3.0,2
98,2022091104,713,11.0,SHOTGUN,5.0,3,3,1,1,0,0,0,0,7.0,18
99,2022091104,4001,5.0,SHOTGUN,6.0,3,2,2,2,0,0,0,0,8.0,13
100,2022091110,750,-1.0,SHOTGUN,6.0,2,2,1,1,0,0,0,0,12.0,11
101,2022091101,3263,14.0,SHOTGUN,6.0,2,1,1,1,0,0,0,0,5.0,19
102,2022091110,1560,-5.0,SHOTGUN,7.0,1,1,1,1,0,0,0,0,11.0,6
103,2022091200,3125,-4.0,SINGLEBACK,6.0,5,3,2,1,4,3,2,1,5.0,1
104,2022091107,2891,12.0,SHOTGUN,5.0,3,2,1,1,0,0,0,0,0.0,12
105,2022091107,3475,9.0,SHOTGUN,6.0,3,2,2,1,1,0,0,0,0.0,9
106,2022091108,1132,-3.0,SHOTGUN,6.0,2,2,2,1,0,0,0,0,4.0,1
107,2022091113,65,3.0,SHOTGUN,6.0,4,3,2,2,0,0,0,0,4.0,7
108,2022091104,2468,-1.0,SHOTGUN,6.0,4,3,2,1,4,3,1,0,6.0,5
109,2022091111,2065,3.0,SHOTGUN,4.0,2,2,2,2,0,0,0,0,2.0,5
110,2022091107,2866,12.0,SHOTGUN,6.0,4,3,3,3,0,0,0,0,0.0,12
111,2022091105,503,-3.0,EMPTY,5.0,5,2,1,1,2,2,1,0,5.0,2
112,2022091108,3153,11.0,SINGLEBACK,7.0,4,4,3,3,0,0,0,0,0.0,11
113,2022091112,2093,4.0,SHOTGUN,5.0,3,3,2,2,0,0,0,0,1.0,5
114,2022091112,227,1.0,SHOTGUN,6.0,3,2,2,1,0,0,0,0,1.0,2
115,2022091105,912,4.0,SHOTGUN,6.0,3,2,2,2,0,0,0,0,1.0,5
116,2022091103,2483,-3.0,SHOTGUN,6.0,8,7,6,2,6,5,5,2,5.0,2
117,2022091110,2810,1.0,SHOTGUN,7.0,3,2,2,1,1,1,0,0,3.0,4
118,2022090800,617,12.0,SHOTGUN,6.0,2,2,2,1,0,0,0,0,0.0,12
119,2022091111,232,-6.0,SINGLEBACK,6.0,4,3,1,1,3,1,0,0,3.0,-3
120,2022091101,3545,6.0,SHOTGUN,6.0,3,3,1,0,1,0,0,0,2.0,8
121,2022091109,433,23.0,SHOTGUN,7.0,2,2,2,1,0,0,0,0,3.0,26
122,2022091103,111,0.0,SHOTGUN,7.0,3,2,2,1,0,0,0,0,1.0,1
123,2022091106,1040,7.0,EMPTY,6.0,2,2,2,2,0,0,0,0,0.0,7
124,2022091107,3374,-1.0,SHOTGUN,5.0,4,2,2,1,3,2,2,0,10.0,9
125,2022091103,5096,7.0,SHOTGUN,7.0,2,2,2,2,0,0,0,0,3.0,10
126,2022091200,109,13.0,SHOTGUN,6.0,3,1,1,1,0,0,0,0,4.0,17
127,2022091101,1691,-1.0,SHOTGUN,6.0,3,2,2,1,1,0,0,0,8.0,7
128,2022091104,2130,0.0,SHOTGUN,6.0,4,2,2,1,2,0,0,0,8.0,8
129,2022091103,5039,20.0,SHOTGUN,4.0,3,3,2,1,0,0,0,0,6.0,26
130,2022090800,2232,6.0,SHOTGUN,6.0,3,3,2,2,0,0,0,0,1.0,7
131,2022091100,1769,4.0,SHOTGUN,5.0,3,3,3,3,0,0,0,0,1.0,5
132,2022090800,980,5.0,SHOTGUN,6.0,2,2,2,1,0,0,0,0,0.0,5
133,2022091102,2103,-4.0,SHOTGUN,6.0,2,2,1,1,0,0,0,0,2.0,-2
134,2022091106,633,-3.0,SHOTGUN,8.0,3,2,2,2,1,0,0,0,0.0,-3
135,2022091101,542,14.0,SHOTGUN,7.0,2,2,2,2,0,0,0,0,1.0,15
136,2022091113,2696,3.0,SINGLEBACK,6.0,3,2,2,1,0,0,0,0,2.0,5
137,2022091106,974,12.0,SHOTGUN,6.0,5,3,2,2,2,0,0,0,2.0,14
138,2022091103,1565,11.0,SINGLEBACK,6.0,2,2,2,2,0,0,0,0,10.0,21
139,2022091101,2407,0.0,SHOTGUN,6.0,3,2,2,0,1,0,0,0,1.0,1
140,2022091109,3909,3.0,SHOTGUN,6.0,3,3,1,1,1,0,0,0,2.0,5
141,2022091100,3554,-5.0,SHOTGUN,6.0,3,3,2,2,4,3,2,1,-5.0,-10
142,2022091108,1354,2.0,SINGLEBACK,7.0,5,2,2,1,2,0,0,0,2.0,4
143,2022091105,3625,13.0,EMPTY,5.0,3,3,2,2,0,0,0,0,3.0,16
144,2022091111,2922,3.0,SHOTGUN,7.0,4,4,3,2,1,0,0,0,3.0,6
145,2022091106,1401,9.0,SHOTGUN,6.0,4,3,2,1,0,0,0,0,5.0,14
146,2022091200,2009,18.0,SINGLEBACK,6.0,4,3,2,1,0,0,0,0,0.0,18
147,2022091112,1382,1.0,SHOTGUN,6.0,2,2,2,2,0,0,0,0,2.0,3
148,2022091112,2428,-1.0,SINGLEBACK,7.0,2,2,2,2,0,0,0,0,1.0,0
149,2022091101,3862,-5.0,SHOTGUN,6.0,3,2,2,1,4,3,1,0,26.0,21
150,2022091112,2569,3.0,SHOTGUN,5.0,2,2,2,2,0,0,0,0,1.0,4
151,2022091103,1249,-1.0,JUMBO,11.0,2,2,2,2,0,0,0,0,2.0,1
152,2022091113,2030,-3.0,PISTOL,6.0,4,3,2,1,3,2,1,1,3.0,0
153,2022091106,1819,-1.0,SINGLEBACK,7.0,2,2,2,2,0,0,0,0,0.0,-1
154,2022091103,2780,7.0,SHOTGUN,5.0,2,2,2,2,0,0,0,0,0.0,7
155,2022091113,2222,0.0,SHOTGUN,6.0,2,2,1,1,0,0,0,0,4.0,4
156,2022091200,3149,6.0,SHOTGUN,6.0,2,2,2,1,0,0,0,0,12.0,18
157,2022091111,1946,-3.0,SHOTGUN,5.0,2,2,2,2,5,4,4,1,16.0,13
158,2022091102,3783,12.0,SHOTGUN,6.0,4,3,3,1,1,0,0,0,1.0,13
159,2022091109,587,5.0,SHOTGUN,6.0,3,2,2,2,1,0,0,0,2.0,7
160,2022091109,3840,8.0,SHOTGUN,6.0,3,2,2,2,0,0,0,0,4.0,12
161,2022091101,1384,0.0,SHOTGUN,6.0,2,2,2,2,0,0,0,0,12.0,12
162,2022091100,1552,8.0,PISTOL,8.0,5,4,4,2,0,0,0,0,1.0,9
163,2022091109,2452,5.0,SHOTGUN,6.0,2,2,2,1,1,0,0,0,8.0,13
164,2022091104,238,6.0,SHOTGUN,6.0,2,2,2,2,0,0,0,0,3.0,9
165,2022091110,3399,3.0,EMPTY,5.0,3,3,2,2,1,1,0,0,5.0,8
166,2022091111,1392,6.0,SHOTGUN,7.0,2,2,2,1,0,0,0,0,5.0,11
167,2022091105,2196,-4.0,SHOTGUN,6.0,3,2,1,1,2,1,0,0,18.0,14
168,2022091100,3177,20.0,SHOTGUN,4.0,3,2,2,2,0,0,0,0,11.0,31
169,2022091107,3811,1.0,SHOTGUN,6.0,2,2,2,1,0,0,0,0,15.0,16
170,2022091105,1456,3.0,SHOTGUN,6.0,4,3,2,1,1,0,0,0,2.0,5
171,2022091106,704,-3.0,SHOTGUN,6.0,4,3,3,1,4,2,2,1,20.0,17
172,2022091111,3404,4.0,EMPTY,5.0,2,2,2,2,0,0,0,0,8.0,12
173,2022091109,128,11.0,SHOTGUN,6.0,4,2,2,1,0,0,0,0,14.0,25
174,2022091104,1938,5.0,SHOTGUN,6.0,3,2,2,2,1,1,0,0,8.0,13
175,2022091200,2522,15.0,SHOTGUN,4.0,2,2,2,2,0,0,0,0,0.0,15
176,2022091107,2803,1.0,SINGLEBACK,6.0,2,2,1,1,0,0,0,0,7.0,8
177,2022091111,2657,14.0,SINGLEBACK,6.0,4,1,1,1,0,0,0,0,9.0,23
178,2022091106,1653,12.0,SHOTGUN,6.0,4,3,3,1,0,0,0,0,30.0,42
179,2022091200,3491,-4.0,SHOTGUN,5.0,4,2,2,1,3,0,0,0,6.0,2
180,2022091113,413,-2.0,SHOTGUN,6.0,4,3,2,2,3,2,2,1,26.0,24
181,2022091105,1405,15.0,SHOTGUN,7.0,3,2,2,2,1,1,1,0,1.0,16
182,2022091100,3310,11.0,PISTOL,5.0,3,3,2,2,0,0,0,0,2.0,13
183,2022091106,1544,21.0,SHOTGUN,6.0,3,3,2,1,0,0,0,0,5.0,26
184,2022091104,910,0.0,SHOTGUN,6.0,3,2,2,1,0,0,0,0,4.0,4
185,2022091107,636,21.0,SINGLEBACK,7.0,4,2,1,1,0,0,0,0,3.0,24
186,2022091104,58,-6.0,SINGLEBACK,7.0,2,2,2,1,0,0,0,0,5.0,-1
187,2022091105,4905,-2.0,SHOTGUN,4.0,1,1,1,1,5,1,0,0,22.0,20
188,2022091105,4488,6.0,EMPTY,5.0,4,3,2,2,1,1,0,0,9.0,15
189,2022090800,1712,5.0,SHOTGUN,6.0,3,3,2,1,1,0,0,0,4.0,9
190,2022091110,1068,6.0,EMPTY,6.0,4,2,1,0,0,0,0,0,11.0,17
191,2022091104,689,0.0,PISTOL,6.0,7,2,2,2,4,3,1,1,10.0,10
192,2022091111,475,15.0,SHOTGUN,6.0,5,4,4,3,0,0,0,0,1.0,16
193,2022091107,1779,5.0,SHOTGUN,6.0,4,3,1,1,1,0,0,0,8.0,13
194,2022091111,336,4.0,EMPTY,6.0,5,4,4,2,1,0,0,0,7.0,11
195,2022091103,2670,-1.0,SHOTGUN,5.0,2,1,1,1,0,0,0,0,11.0,10
196,2022091101,4104,14.0,SHOTGUN,6.0,3,2,1,1,0,0,0,0,-1.0,13
197,2022091102,2894,22.0,SINGLEBACK,6.0,2,1,1,1,0,0,0,0,0.0,22
198,2022091103,3849,8.0,SHOTGUN,5.0,3,3,3,2,0,0,0,0,6.0,14
199,2022091107,3835,5.0,SHOTGUN,4.0,4,3,3,2,1,0,0,0,0.0,5
200,2022091113,708,19.0,I_FORM,6.0,2,2,2,2,0,0,0,0,0.0,19
201,2022091105,865,4.0,I_FORM,7.0,1,1,1,1,0,0,0,0,1.0,5
202,2022091113,155,16.0,SHOTGUN,6.0,3,2,2,1,0,0,0,0,0.0,16
203,2022090800,2208,-5.0,SHOTGUN,6.0,2,2,2,1,1,0,0,0,13.0,8
204,2022091111,401,19.0,SHOTGUN,6.0,3,3,2,2,0,0,0,0,2.0,21
205,2022091107,3419,7.0,SINGLEBACK,8.0,4,3,3,2,0,0,0,0,0.0,7
206,2022091112,1700,-2.0,EMPTY,4.0,4,3,3,1,5,4,2,0,3.0,1
207,2022091107,1399,1.0,SINGLEBACK,6.0,2,2,2,1,0,0,0,0,4.0,5
208,2022091108,3875,18.0,SHOTGUN,5.0,2,2,2,2,0,0,0,0,3.0,21
209,2022091106,3253,12.0,SINGLEBACK,7.0,5,4,4,2,0,0,0,0,0.0,12
210,2022091104,1528,3.0,SHOTGUN,6.0,1,1,1,1,0,0,0,0,24.0,27
211,2022091101,2951,2.0,SHOTGUN,7.0,4,3,3,1,3,1,1,0,1.0,3
212,2022091107,2934,15.0,SINGLEBACK,6.0,3,3,3,2,0,0,0,0,0.0,15
213,2022091106,2978,4.0,SHOTGUN,6.0,3,3,2,1,0,0,0,0,3.0,7
214,2022090800,3383,6.0,SHOTGUN,6.0,3,2,2,2,1,0,0,0,2.0,8
215,2022091107,4047,18.0,SHOTGUN,4.0,4,2,2,2,1,0,0,0,1.0,19
216,2022091105,249,13.0,SINGLEBACK,7.0,3,2,2,1,0,0,0,0,4.0,17
217,2022091113,3355,13.0,SHOTGUN,6.0,1,1,1,1,0,0,0,0,9.0,22
218,2022091105,1518,4.0,SHOTGUN,6.0,4,3,3,1,0,0,0,0,1.0,5
219,2022091107,1879,6.0,SHOTGUN,5.0,4,4,3,2,1,1,1,0,-6.0,0
220,2022091112,251,2.0,SHOTGUN,6.0,2,2,2,2,0,0,0,0,5.0,7
221,2022090800,364,22.0,SHOTGUN,6.0,2,2,2,1,0,0,0,0,1.0,23
222,2022091111,923,28.0,SINGLEBACK,7.0,4,4,3,1,0,0,0,0,14.0,42
223,2022091200,2093,-5.0,SHOTGUN,6.0,2,2,2,1,0,0,0,0,6.0,1
224,2022091106,1239,26.0,SHOTGUN,5.0,2,2,2,2,0,0,0,0,1.0,27
225,2022091101,4150,7.0,SHOTGUN,6.0,4,2,1,1,1,0,0,0,2.0,9
226,2022091103,58,0.0,SHOTGUN,6.0,7,5,3,2,5,4,4,2,3.0,3
227,2022091109,1309,4.0,EMPTY,6.0,3,3,3,2,0,0,0,0,0.0,4
228,2022091105,77,-4.0,SINGLEBACK,6.0,6,4,2,1,4,4,1,1,7.0,3
229,2022091200,1057,-5.0,SHOTGUN,5.0,2,2,1,1,0,0,0,0,5.0,0
230,2022091110,2022,11.0,SHOTGUN,6.0,4,3,2,2,0,0,0,0,1.0,12
231,2022091107,3503,4.0,SHOTGUN,6.0,4,3,2,2,0,0,0,0,1.0,5
232,2022091112,181,6.0,EMPTY,5.0,1,1,1,1,0,0,0,0,16.0,22
233,2022091200,1004,6.0,PISTOL,6.0,2,2,2,2,0,0,0,0,2.0,8
234,2022090800,3092,-5.0,SHOTGUN,6.0,1,1,1,1,0,0,0,0,10.0,5
235,2022091103,2569,3.0,SHOTGUN,3.0,3,2,1,1,0,0,0,0,5.0,8
236,2022091108,705,4.0,EMPTY,6.0,4,2,2,2,1,1,0,0,5.0,9
237,2022091200,3596,3.0,SHOTGUN,6.0,2,2,2,2,0,0,0,0,2.0,5
238,2022091102,2639,21.0,SHOTGUN,4.0,1,1,1,1,0,0,0,0,30.0,51
239,2022091107,230,3.0,SHOTGUN,6.0,4,4,3,2,0,0,0,0,1.0,4
240,2022091103,1126,-3.0,SINGLEBACK,6.0,3,1,1,1,3,1,0,0,35.0,32
241,2022090800,692,1.0,SHOTGUN,6.0,3,2,2,1,1,0,0,0,2.0,3
242,2022091105,445,3.0,SHOTGUN,7.0,4,3,2,1,0,0,0,0,2.0,5
243,2022090800,2572,2.0,SHOTGUN,7.0,4,4,3,3,1,0,0,0,2.0,4
244,2022091112,2907,21.0,EMPTY,6.0,3,2,2,2,0,0,0,0,0.0,21
245,2022091100,1672,-2.0,SHOTGUN,7.0,5,4,2,2,2,2,1,0,3.0,1
246,2022091109,2848,7.0,SHOTGUN,6.0,3,2,2,2,0,0,0,0,0.0,7
247,2022091104,3842,-6.0,SHOTGUN,7.0,5,3,2,1,5,2,0,0,4.0,-2
248,2022091109,839,1.0,EMPTY,4.0,2,2,2,2,0,0,0,0,11.0,12
249,2022091111,1307,-5.0,SHOTGUN,6.0,7,4,2,1,8,6,4,2,13.0,8
250,2022091105,794,7.0,SHOTGUN,6.0,4,4,4,2,0,0,0,0,2.0,9
251,2022091112,3270,12.0,SINGLEBACK,6.0,2,1,1,1,0,0,0,0,5.0,17
252,2022091113,267,4.0,PISTOL,6.0,4,4,2,1,0,0,0,0,5.0,9
253,2022091112,3720,5.0,SHOTGUN,6.0,3,2,2,1,1,0,0,0,8.0,13
254,2022090800,3190,2.0,SHOTGUN,6.0,3,2,2,2,1,0,0,0,3.0,5
255,2022091109,1915,3.0,SHOTGUN,6.0,2,2,2,1,0,0,0,0,15.0,18
256,2022091110,514,-7.0,SINGLEBACK,8.0,1,1,1,1,0,0,0,0,32.0,25
257,2022091200,3723,2.0,SHOTGUN,5.0,4,3,2,1,0,0,0,0,7.0,9
258,2022091105,1613,3.0,SHOTGUN,5.0,2,2,2,1,0,0,0,0,1.0,4
259,2022091200,3216,0.0,SINGLEBACK,6.0,2,1,1,1,1,0,0,0,14.0,14
260,2022091107,1236,5.0,PISTOL,7.0,2,2,1,1,0,0,0,0,0.0,5
261,2022091106,2329,0.0,EMPTY,5.0,4,4,1,1,3,3,2,0,18.0,18
262,2022091113,3807,4.0,SHOTGUN,6.0,3,2,2,1,0,0,0,0,3.0,7
263,2022091108,1698,-5.0,SHOTGUN,6.0,4,2,2,1,4,3,1,0,16.0,11
264,2022091103,2976,22.0,SHOTGUN,6.0,3,3,3,2,1,0,0,0,0.0,22
265,2022090800,56,5.0,SHOTGUN,6.0,4,3,3,2,1,0,0,0,1.0,6
266,2022091111,3123,3.0,SHOTGUN,5.0,3,3,3,2,0,0,0,0,2.0,5
267,2022091108,347,5.0,SHOTGUN,6.0,4,4,4,3,2,0,0,0,0.0,5
268,2022091103,4710,2.0,SHOTGUN,8.0,3,3,2,2,1,0,0,0,-2.0,0
269,2022091109,928,-1.0,SHOTGUN,5.0,3,2,2,2,1,0,0,0,10.0,9
270,2022091111,1416,30.0,I_FORM,6.0,3,2,2,2,0,0,0,0,0.0,30
271,2022091111,3147,22.0,SHOTGUN,6.0,3,3,3,2,0,0,0,0,9.0,31
272,2022091107,3037,1.0,SHOTGUN,5.0,2,2,2,1,0,0,0,0,1.0,2
273,2022091109,4051,10.0,SHOTGUN,6.0,2,2,2,2,0,0,0,0,4.0,14
274,2022091108,791,4.0,SHOTGUN,5.0,2,1,1,1,0,0,0,0,27.0,31
275,2022090800,212,6.0,SHOTGUN,6.0,2,2,2,2,0,0,0,0,2.0,8
276,2022091111,2020,3.0,SHOTGUN,6.0,2,2,1,1,0,0,0,0,2.0,5
277,2022091112,1613,17.0,SINGLEBACK,5.0,1,1,1,1,0,0,0,0,19.0,36
278,2022091200,1764,17.0,SHOTGUN,5.0,2,1,1,1,1,0,0,0,13.0,30
279,2022090800,2527,9.0,SHOTGUN,6.0,4,3,3,2,1,0,0,0,2.0,11
280,2022091108,3318,4.0,SHOTGUN,6.0,3,3,3,3,0,0,0,0,3.0,7
281,2022091103,1648,4.0,EMPTY,5.0,3,2,2,2,0,0,0,0,1.0,5
282,2022091107,3527,2.0,SHOTGUN,5.0,2,2,2,2,0,0,0,0,1.0,3
283,2022091106,950,4.0,SHOTGUN,6.0,3,2,1,1,0,0,0,0,7.0,11
284,2022091108,171,13.0,SINGLEBACK,8.0,3,3,3,3,0,0,0,0,0.0,13
285,2022091111,3295,-2.0,SINGLEBACK,7.0,3,2,2,1,0,0,0,0,6.0,4
286,2022091102,3628,9.0,SHOTGUN,6.0,6,3,3,2,1,0,0,0,0.0,9
287,2022091100,2159,3.0,SHOTGUN,7.0,2,2,2,2,0,0,0,0,1.0,4
288,2022091105,1968,39.0,SINGLEBACK,7.0,2,2,2,1,0,0,0,0,3.0,42
289,2022091110,673,-1.0,I_FORM,8.0,4,3,2,2,4,4,2,1,4.0,3
290,2022091103,340,2.0,EMPTY,5.0,2,2,2,2,0,0,0,0,7.0,9
291,2022091111,1790,17.0,SHOTGUN,7.0,1,1,1,1,0,0,0,0,24.0,41
292,2022091111,665,3.0,SHOTGUN,6.0,3,3,3,2,0,0,0,0,0.0,3
293,2022091109,2962,5.0,SHOTGUN,6.0,2,2,2,2,0,0,0,0,2.0,7
294,2022091105,3046,13.0,SHOTGUN,6.0,3,3,1,0,0,0,0,0,3.0,16
295,2022091111,2156,13.0,SHOTGUN,6.0,2,2,2,2,0,0,0,0,5.0,18
296,2022091113,1742,6.0,SHOTGUN,6.0,4,3,2,2,0,0,0,0,1.0,7
297,2022091104,2492,9.0,SHOTGUN,6.0,2,2,2,2,0,0,0,0,1.0,10
298,2022091200,3048,2.0,SINGLEBACK,6.0,3,2,2,2,1,0,0,0,2.0,4
299,2022091110,1649,26.0,SHOTGUN,6.0,3,3,2,1,0,0,0,0,0.0,26
300,2022091106,1609,12.0,EMPTY,5.0,3,3,2,2,0,0,0,0,0.0,12
301,2022091108,2297,18.0,SINGLEBACK,7.0,3,3,3,2,0,0,0,0,2.0,20
302,2022091113,3431,-3.0,SHOTGUN,6.0,4,2,2,2,6,3,1,1,0.0,-3
303,2022091101,2341,9.0,SHOTGUN,6.0,4,3,3,0,0,0,0,0,1.0,10
304,2022091111,2464,-3.0,SHOTGUN,6.0,2,1,1,1,0,0,0,0,6.0,3
305,2022091112,2612,-5.0,SHOTGUN,7.0,2,1,1,1,2,0,0,0,14.0,9
306,2022091104,2928,-3.0,SHOTGUN,7.0,3,2,1,1,4,3,3,0,19.0,16
307,2022090800,2688,40.0,SHOTGUN,4.0,2,2,2,2,0,0,0,0,7.0,47
308,2022091109,743,-4.0,SHOTGUN,6.0,3,1,1,1,2,1,1,0,15.0,11
309,2022091110,2287,2.0,EMPTY,4.0,3,2,2,1,1,0,0,0,8.0,10
310,2022091113,923,3.0,SHOTGUN,6.0,5,3,3,3,0,0,0,0,2.0,5
311,2022091101,748,3.0,SHOTGUN,7.0,2,2,2,1,0,0,0,0,2.0,5
312,2022090800,2599,4.0,SHOTGUN,5.0,3,3,3,2,0,0,0,0,2.0,6
313,2022091100,522,-4.0,EMPTY,6.0,4,4,2,2,4,4,2,1,8.0,4
314,2022091109,1944,6.0,SHOTGUN,6.0,3,3,2,2,0,0,0,0,1.0,7
315,2022091108,2559,9.0,SHOTGUN,7.0,2,2,1,1,0,0,0,0,14.0,23
316,2022091113,3407,3.0,SHOTGUN,5.0,2,2,2,1,0,0,0,0,10.0,13
317,2022091109,792,4.0,SHOTGUN,6.0,3,2,2,1,1,1,0,0,5.0,9
318,2022091200,3296,-3.0,SHOTGUN,6.0,2,1,1,1,1,0,0,0,9.0,6
319,2022091108,3227,-6.0,SINGLEBACK,7.0,3,2,1,1,2,2,1,0,14.0,8
320,2022091108,1309,0.0,SINGLEBACK,7.0,2,1,1,1,0,0,0,0,7.0,7
321,2022091100,1485,9.0,SHOTGUN,5.0,3,3,3,2,1,0,0,0,2.0,11
322,2022091110,593,6.0,SHOTGUN,6.0,3,3,3,2,0,0,0,0,1.0,7
323,2022091104,737,11.0,SHOTGUN,7.0,2,2,2,1,0,0,0,0,0.0,11
324,2022091103,388,-4.0,SHOTGUN,5.0,4,3,1,1,2,2,0,0,4.0,0
325,2022091109,1657,-3.0,SINGLEBACK,6.0,3,2,2,2,2,2,1,0,4.0,1
326,2022091200,1028,-3.0,SHOTGUN,6.0,2,2,1,1,0,0,0,0,6.0,3
327,2022091104,1183,8.0,SHOTGUN,6.0,4,4,2,2,1,0,0,0,3.0,11
328,2022091111,1124,5.0,EMPTY,6.0,3,3,3,2,0,0,0,0,0.0,5
329,2022091112,3672,4.0,SHOTGUN,6.0,3,1,1,1,0,0,0,0,8.0,12
330,2022091100,3119,17.0,SHOTGUN,7.0,2,1,1,1,0,0,0,0,9.0,26
331,2022091113,3531,5.0,SHOTGUN,6.0,3,3,3,3,0,0,0,0,0.0,5
332,2022091109,3544,-4.0,SHOTGUN,6.0,4,2,2,1,2,2,1,1,3.0,-1
333,2022091111,3051,-4.0,SHOTGUN,6.0,2,1,1,1,0,0,0,0,20.0,16
334,2022091113,1718,1.0,SHOTGUN,5.0,4,3,2,2,1,0,0,0,0.0,1
335,2022091200,2750,2.0,SINGLEBACK,6.0,3,3,2,2,0,0,0,0,0.0,2
336,2022091112,2267,4.0,EMPTY,5.0,3,2,2,2,1,0,0,0,5.0,9
337,2022091109,383,-4.0,SINGLEBACK,8.0,3,2,1,1,4,2,1,0,27.0,23
338,2022091113,2866,12.0,SHOTGUN,6.0,3,2,2,1,0,0,0,0,1.0,13
339,2022091113,3139,3.0,SHOTGUN,7.0,3,2,1,1,1,1,0,0,4.0,7
340,2022091105,4041,-3.0,SHOTGUN,6.0,1,1,1,1,0,0,0,0,5.0,2
341,2022091100,679,19.0,SINGLEBACK,7.0,3,3,3,2,0,0,0,0,3.0,22
342,2022091104,2228,36.0,SHOTGUN,7.0,2,2,2,2,0,0,0,0,18.0,54
343,2022091105,2544,-3.0,SHOTGUN,6.0,1,1,1,1,0,0,0,0,7.0,4
344,2022091109,4409,3.0,SHOTGUN,6.0,2,2,2,1,0,0,0,0,1.0,4
345,2022091103,4571,25.0,SHOTGUN,6.0,2,2,2,2,0,0,0,0,0.0,25
346,2022091106,859,-3.0,SINGLEBACK,7.0,2,2,2,1,0,0,0,0,7.0,4
347,2022090800,3513,4.0,SHOTGUN,5.0,4,3,2,2,1,0,0,0,0.0,4
348,2022091110,870,23.0,SHOTGUN,6.0,2,2,1,1,0,0,0,0,1.0,24
349,2022091108,2983,6.0,SHOTGUN,7.0,2,2,2,2,0,0,0,0,0.0,6
350,2022091111,256,4.0,SHOTGUN,6.0,3,2,2,2,0,0,0,0,0.0,4
351,2022091106,2261,3.0,SHOTGUN,6.0,2,2,1,1,0,0,0,0,3.0,6
352,2022091100,4307,3.0,EMPTY,3.0,4,2,1,1,1,1,1,0,2.0,5
353,2022091106,3213,5.0,SHOTGUN,4.0,4,3,2,2,1,0,0,0,0.0,5
354,2022091105,4655,-4.0,EMPTY,6.0,2,1,1,1,2,2,1,1,12.0,8
355,2022090800,122,-3.0,SHOTGUN,6.0,4,1,1,1,0,0,0,0,9.0,6
356,2022091105,379,6.0,EMPTY,5.0,3,2,2,2,1,1,0,0,2.0,8
357,2022091100,4266,5.0,SHOTGUN,4.0,4,3,2,1,2,1,1,0,5.0,10
358,2022091111,1761,8.0,EMPTY,3.0,2,2,2,2,0,0,0,0,3.0,11
359,2022091113,465,19.0,SINGLEBACK,6.0,4,3,2,1,1,0,0,0,1.0,20
360,2022091105,2718,6.0,SHOTGUN,6.0,4,3,2,2,1,1,0,0,1.0,7
361,2022091104,2558,3.0,PISTOL,7.0,3,2,2,1,0,0,0,0,4.0,7
362,2022091200,688,1.0,SINGLEBACK,7.0,5,4,3,2,2,2,1,0,0.0,1
363,2022091110,3599,8.0,SHOTGUN,6.0,2,1,1,1,0,0,0,0,0.0,8
364,2022091100,1017,-7.0,PISTOL,7.0,2,1,1,1,0,0,0,0,15.0,8
365,2022091110,569,15.0,EMPTY,6.0,1,1,1,1,0,0,0,0,5.0,20
366,2022091102,364,-4.0,SHOTGUN,6.0,2,2,2,1,2,2,2,0,20.0,16
367,2022090800,593,-1.0,SHOTGUN,6.0,3,3,1,1,1,1,1,0,12.0,11
368,2022091106,1995,12.0,SHOTGUN,6.0,3,2,2,2,1,0,0,0,0.0,12
369,2022091103,4324,4.0,SHOTGUN,6.0,2,2,2,1,0,0,0,0,6.0,10
370,2022091110,2949,-1.0,SHOTGUN,5.0,2,2,1,1,1,0,0,0,4.0,3
371,2022091102,2532,1.0,SHOTGUN,8.0,4,4,3,3,1,1,1,0,2.0,3
372,2022091110,3161,5.0,SHOTGUN,5.0,5,2,1,1,0,0,0,0,9.0,14
373,2022091106,2237,1.0,SHOTGUN,6.0,4,3,2,2,1,0,0,0,1.0,2
374,2022091105,4731,8.0,SHOTGUN,6.0,3,3,3,3,1,1,1,1,1.0,9
375,2022091100,2245,7.0,SHOTGUN,4.0,3,2,2,1,2,2,0,0,3.0,10
376,2022091200,3267,3.0,SHOTGUN,5.0,3,2,2,2,0,0,0,0,4.0,7
377,2022090800,818,-4.0,EMPTY,6.0,2,2,2,1,1,0,0,0,5.0,1
378,2022091103,1405,15.0,EMPTY,5.0,3,2,2,2,0,0,0,0,0.0,15
379,2022090800,1030,10.0,SHOTGUN,5.0,2,2,2,2,1,0,0,0,0.0,10
380,2022091113,1101,9.0,EMPTY,6.0,3,3,2,2,0,0,0,0,4.0,13
381,2022091108,2426,5.0,SHOTGUN,6.0,4,3,2,2,1,0,0,0,0.0,5
382,2022091110,1232,3.0,SHOTGUN,7.0,3,3,2,2,0,0,0,0,4.0,7
383,2022091105,619,-6.0,SHOTGUN,6.0,3,2,1,1,4,1,0,0,17.0,11
384,2022091103,82,4.0,PISTOL,6.0,2,2,2,2,0,0,0,0,1.0,5
385,2022091110,2424,26.0,SINGLEBACK,7.0,3,3,2,1,1,1,0,0,9.0,35
386,2022091111,2212,5.0,EMPTY,5.0,4,2,1,1,0,0,0,0,5.0,10
387,2022091102,3695,0.0,SHOTGUN,6.0,5,3,3,1,2,2,2,2,8.0,8
388,2022091109,3087,-4.0,SINGLEBACK,7.0,2,2,2,1,0,0,0,0,8.0,4
389,2022091104,3204,-3.0,SHOTGUN,6.0,2,1,1,1,2,1,0,0,25.0,22
390,2022090800,1967,3.0,SHOTGUN,6.0,4,3,3,2,0,0,0,0,1.0,4
391,2022090800,3489,4.0,SHOTGUN,5.0,2,1,1,1,1,0,0,0,7.0,11
392,2022091113,732,-2.0,SHOTGUN,7.0,2,2,1,1,1,1,1,0,10.0,8
393,2022091108,2770,5.0,SHOTGUN,7.0,3,3,2,2,0,0,0,0,4.0,9
394,2022091113,2518,9.0,SHOTGUN,7.0,3,2,2,2,0,0,0,0,8.0,17
395,2022091100,2090,11.0,SHOTGUN,6.0,2,2,2,2,0,0,0,0,0.0,11
396,2022091110,2786,2.0,SHOTGUN,7.0,2,2,1,0,0,0,0,0,5.0,7
397,2022091109,1520,16.0,SHOTGUN,6.0,1,1,1,1,0,0,0,0,7.0,23
398,2022091101,3789,10.0,SHOTGUN,7.0,2,2,2,0,0,0,0,0,16.0,26
399,2022091105,4135,4.0,SHOTGUN,6.0,2,1,1,1,0,0,0,0,3.0,7
400,2022091106,3162,36.0,SHOTGUN,6.0,3,3,2,2,0,0,0,0,5.0,41
401,2022090800,438,-1.0,SINGLEBACK,6.0,2,2,1,1,0,0,0,0,5.0,4
402,2022091100,4032,40.0,SHOTGUN,6.0,3,3,3,2,0,0,0,0,0.0,40
403,2022091103,5015,10.0,SHOTGUN,5.0,3,2,2,2,0,0,0,0,-1.0,9
404,2022091107,3718,2.0,PISTOL,7.0,5,2,2,1,0,0,0,0,5.0,7
405,2022091200,156,9.0,PISTOL,7.0,3,3,2,2,0,0,0,0,0.0,9
406,2022091200,1680,-1.0,SHOTGUN,6.0,2,2,1,1,3,3,2,2,14.0,13
407,2022091101,662,-2.0,SHOTGUN,7.0,4,2,2,1,1,1,1,1,4.0,2
408,2022090800,2815,3.0,SHOTGUN,6.0,3,1,1,1,0,0,0,0,7.0,10
409,2022091112,1560,-7.0,SHOTGUN,6.0,3,1,1,1,2,0,0,0,14.0,7
410,2022091103,364,10.0,SHOTGUN,6.0,3,3,3,2,0,0,0,0,8.0,18
411,2022091200,1129,3.0,EMPTY,4.0,3,2,2,2,0,0,0,0,4.0,7
412,2022091103,2907,2.0,SHOTGUN,6.0,5,3,2,1,0,0,0,0,5.0,7
413,2022091103,3779,5.0,SHOTGUN,5.0,3,3,3,2,0,0,0,0,6.0,11
414,2022091101,1077,8.0,SINGLEBACK,7.0,2,2,2,1,0,0,0,0,0.0,8
415,2022091105,1259,1.0,EMPTY,5.0,2,2,1,1,0,0,0,0,2.0,3
416,2022091109,3773,3.0,SHOTGUN,6.0,3,3,3,3,1,1,0,0,0.0,3
417,2022091103,3435,12.0,SHOTGUN,6.0,2,2,2,2,0,0,0,0,0.0,12
418,2022091110,4137,6.0,SHOTGUN,5.0,2,2,2,1,0,0,0,0,4.0,10
419,2022091111,76,1.0,SINGLEBACK,6.0,2,2,2,1,0,0,0,0,0.0,1
420,2022091200,2801,8.0,SHOTGUN,4.0,2,2,2,2,0,0,0,0,1.0,9
421,2022091105,1850,17.0,SHOTGUN,4.0,4,3,3,1,0,0,0,0,1.0,18
422,2022091106,1480,8.0,SHOTGUN,5.0,2,2,2,2,0,0,0,0,0.0,8
423,2022090800,414,-3.0,EMPTY,5.0,3,2,2,1,3,3,2,0,13.0,10
424,2022091102,1133,20.0,SINGLEBACK,7.0,3,3,3,2,0,0,0,0,0.0,20
425,2022091113,131,5.0,SHOTGUN,6.0,3,2,2,2,0,0,0,0,6.0,11
426,2022091103,852,0.0,SHOTGUN,7.0,2,2,2,1,0,0,0,0,12.0,12
427,2022091107,1120,-4.0,SHOTGUN,6.0,3,1,1,1,1,1,0,0,12.0,8
428,2022090800,3407,4.0,SHOTGUN,5.0,3,2,2,2,0,0,0,0,2.0,6
429,2022091100,3446,20.0,SHOTGUN,5.0,3,3,2,2,0,0,0,0,0.0,20
430,2022091200,3628,4.0,SHOTGUN,5.0,3,3,3,2,1,0,0,0,2.0,6
431,2022091111,1484,6.0,SHOTGUN,5.0,3,2,2,1,1,0,0,0,5.0,11
432,2022090800,3576,-1.0,SHOTGUN,6.0,3,2,2,2,5,2,1,1,29.0,28
433,2022091112,3176,0.0,SHOTGUN,6.0,3,2,1,1,1,1,1,0,8.0,8
434,2022091105,2042,2.0,SHOTGUN,6.0,1,1,0,0,1,0,0,0,6.0,8
435,2022091103,2931,4.0,EMPTY,6.0,3,3,3,2,0,0,0,0,0.0,4
436,2022091200,2546,-1.0,SHOTGUN,6.0,2,2,2,2,0,0,0,0,2.0,1
437,2022091105,2817,3.0,SHOTGUN,6.0,3,2,2,1,0,0,0,0,3.0,6
438,2022091200,1241,6.0,SHOTGUN,5.0,4,3,3,1,2,0,0,0,0.0,6
439,2022091102,3859,-4.0,SHOTGUN,4.0,3,2,2,1,2,1,1,0,6.0,2
440,2022091103,3527,0.0,SHOTGUN,7.0,10,8,7,5,7,4,4,3,1.0,1
441,2022091107,1618,2.0,SHOTGUN,6.0,3,3,3,2,0,0,0,0,3.0,5
442,2022091112,275,3.0,SINGLEBACK,7.0,2,2,1,1,0,0,0,0,2.0,5
443,2022091105,3995,4.0,SHOTGUN,6.0,2,1,1,1,0,0,0,0,8.0,12
444,2022091109,1886,4.0,SHOTGUN,5.0,3,2,2,2,1,0,0,0,5.0,9
445,2022091109,359,4.0,EMPTY,5.0,3,3,1,1,1,0,0,0,9.0,13
446,2022091107,301,2.0,EMPTY,5.0,4,4,2,2,2,2,1,1,6.0,8
447,2022091108,1737,7.0,SHOTGUN,3.0,3,1,1,1,0,0,0,0,8.0,15
448,2022091103,3755,1.0,EMPTY,6.0,3,2,1,1,0,0,0,0,8.0,9
449,2022091108,1167,22.0,I_FORM,7.0,2,2,2,2,0,0,0,0,0.0,22
450,2022091107,2791,13.0,SHOTGUN,6.0,3,2,2,2,0,0,0,0,4.0,17
451,2022090800,167,6.0,EMPTY,6.0,4,2,2,2,0,0,0,0,6.0,12
452,2022091110,4099,2.0,SHOTGUN,6.0,3,3,2,1,0,0,0,0,0.0,2
453,2022091109,1096,3.0,SINGLEBACK,7.0,3,3,2,2,1,0,0,0,1.0,4
454,2022091110,1113,6.0,SHOTGUN,6.0,3,3,2,1,1,0,0,0,2.0,8
455,2022091107,1051,15.0,SINGLEBACK,7.0,2,2,2,2,1,0,0,0,0.0,15
456,2022091105,984,-1.0,SHOTGUN,5.0,3,1,1,1,1,0,0,0,12.0,11
457,2022091106,59,9.0,SHOTGUN,8.0,3,3,2,2,0,0,0,0,0.0,9
458,2022090800,3121,6.0,SHOTGUN,6.0,4,2,1,1,0,0,0,0,3.0,9
459,2022091112,2952,6.0,EMPTY,5.0,3,2,2,2,0,0,0,0,1.0,7
460,2022091112,2723,3.0,EMPTY,5.0,3,2,2,2,0,0,0,0,0.0,3
461,2022091104,1871,20.0,SHOTGUN,7.0,2,2,2,2,0,0,0,0,8.0,28
462,2022091110,2978,-5.0,SHOTGUN,5.0,4,3,1,1,3,2,1,0,9.0,4
463,2022091106,1895,4.0,SHOTGUN,7.0,3,3,1,1,0,0,0,0,5.0,9
464,2022091110,1959,4.0,SHOTGUN,6.0,3,3,3,2,1,1,0,0,-1.0,3
465,2022091109,3938,7.0,SHOTGUN,6.0,3,3,3,3,0,0,0,0,0.0,7
466,2022091106,1263,1.0,SHOTGUN,7.0,2,2,2,2,0,0,0,0,1.0,2
467,2022091103,4488,2.0,SINGLEBACK,7.0,2,2,2,2,0,0,0,0,0.0,2
468,2022091108,815,12.0,SINGLEBACK,7.0,3,2,2,1,0,0,0,0,1.0,13
469,2022091106,3023,8.0,SHOTGUN,5.0,2,2,1,1,0,0,0,0,0.0,8
470,2022091103,4300,3.0,SHOTGUN,5.0,4,2,2,1,0,0,0,0,11.0,14
471,2022091100,1231,3.0,I_FORM,7.0,2,2,2,2,0,0,0,0,3.0,6
472,2022090800,2979,52.0,SHOTGUN,5.0,2,2,2,1,0,0,0,0,1.0,53
473,2022091101,3454,47.0,SINGLEBACK,6.0,2,1,1,1,0,0,0,0,28.0,75
474,2022091113,3577,2.0,SHOTGUN,6.0,4,3,2,2,0,0,0,0,3.0,5
475,2022091111,899,19.0,SHOTGUN,6.0,3,3,3,2,0,0,0,0,0.0,19
476,2022091111,2633,5.0,EMPTY,6.0,2,2,2,2,0,0,0,0,5.0,10
477,2022091101,3510,5.0,SINGLEBACK,7.0,2,2,2,2,0,0,0,0,0.0,5
478,2022091109,2425,41.0,SINGLEBACK,6.0,2,2,1,1,0,0,0,0,8.0,49
479,2022091103,1336,8.0,SHOTGUN,6.0,4,4,4,2,1,0,0,0,1.0,9
480,2022091109,4286,7.0,SHOTGUN,6.0,3,2,2,2,0,0,0,0,1.0,8
481,2022090800,1102,-3.0,SHOTGUN,6.0,3,2,2,1,1,0,0,0,5.0,2
482,2022091111,1368,6.0,SHOTGUN,6.0,3,3,3,2,0,0,0,0,6.0,12
483,2022091107,1738,-5.0,SHOTGUN,7.0,3,1,1,1,1,1,0,0,8.0,3
484,2022091107,3601,3.0,SHOTGUN,6.0,3,3,2,2,0,0,0,0,1.0,4
485,2022091200,664,-5.0,EMPTY,6.0,2,2,2,1,0,0,0,0,9.0,4
486,2022091104,4046,4.0,EMPTY,6.0,4,2,2,2,0,0,0,0,1.0,5
487,2022091200,565,5.0,PISTOL,6.0,5,1,1,1,0,0,0,0,8.0,13
488,2022091110,195,-3.0,SINGLEBACK,6.0,4,3,1,1,5,4,3,0,6.0,3
489,2022091110,1394,1.0,SHOTGUN,6.0,3,2,0,0,0,0,0,0,2.0,3
490,2022091112,2699,18.0,EMPTY,6.0,2,1,1,1,0,0,0,0,5.0,23
491,2022091105,1589,17.0,SHOTGUN,6.0,3,1,1,1,0,0,0,0,3.0,20
492,2022091110,649,7.0,SHOTGUN,5.0,4,4,3,0,1,1,0,0,4.0,11
493,2022091110,2720,14.0,SHOTGUN,5.0,2,1,1,0,0,0,0,0,12.0,26
494,2022091112,3152,7.0,EMPTY,5.0,3,3,3,2,0,0,0,0,1.0,8
495,2022091110,1418,-4.0,SHOTGUN,6.0,2,2,1,1,1,1,1,0,7.0,3
496,2022091112,1058,-3.0,SHOTGUN,6.0,3,2,2,2,3,2,2,1,3.0,0
497,2022091105,2369,8.0,SHOTGUN,6.0,3,3,2,1,1,1,0,0,3.0,11
498,2022090800,486,6.0,EMPTY,5.0,4,4,2,2,0,0,0,0,0.0,6
499,2022091109,3962,8.0,SHOTGUN,6.0,2,2,2,2,0,0,0,0,1.0,9
500,2022091200,2038,7.0,SHOTGUN,6.0,3,2,2,1,0,0,0,0,0.0,7
501,2022091104,1436,9.0,SHOTGUN,6.0,5,3,2,2,0,0,0,0,3.0,12
502,2022091110,1908,-1.0,SHOTGUN,6.0,2,2,1,1,0,0,0,0,6.0,5
503,2022091104,2877,5.0,SHOTGUN,7.0,4,2,2,1,0,0,0,0,8.0,13
504,2022091200,1409,-2.0,PISTOL,7.0,2,2,1,1,0,0,0,0,5.0,3
505,2022091105,4707,9.0,SHOTGUN,4.0,3,2,2,2,0,0,0,0,0.0,9
506,2022091108,2273,1.0,SHOTGUN,5.0,3,1,1,1,0,0,0,0,7.0,8
507,2022091110,3623,-5.0,SHOTGUN,5.0,2,1,1,1,0,0,0,0,27.0,22
508,2022090800,2934,1.0,SHOTGUN,6.0,2,2,2,2,0,0,0,0,0.0,1
509,2022091100,3526,19.0,SHOTGUN,6.0,2,2,2,1,0,0,0,0,2.0,21
510,2022091113,2446,3.0,SHOTGUN,6.0,4,4,3,1,0,0,0,0,4.0,7
511,2022091108,3342,-2.0,SHOTGUN,7.0,3,2,2,1,0,0,0,0,5.0,3
512,2022091105,3750,7.0,SHOTGUN,6.0,2,2,2,1,0,0,0,0,8.0,15
513,2022091101,2832,2.0,SINGLEBACK,7.0,3,2,1,1,1,0,0,0,5.0,7
514,2022091104,3572,9.0,SHOTGUN,6.0,3,1,1,1,0,0,0,0,3.0,12
515,2022091102,1406,-3.0,SHOTGUN,5.0,4,3,3,2,3,2,2,2,8.0,5
516,2022091113,2470,9.0,SHOTGUN,7.0,2,2,2,2,0,0,0,0,1.0,10
517,2022091107,1165,-3.0,SHOTGUN,6.0,3,2,1,1,0,0,0,0,9.0,6
518,2022091109,1772,4.0,SHOTGUN,8.0,2,1,1,1,0,0,0,0,21.0,25
519,2022091113,1217,1.0,SHOTGUN,5.0,3,2,2,2,1,1,1,0,5.0,6
520,2022091109,483,2.0,SHOTGUN,8.0,2,2,2,1,0,0,0,0,1.0,3
521,2022091106,3337,2.0,SHOTGUN,6.0,2,2,2,2,0,0,0,0,13.0,15
522,2022091104,3391,11.0,SHOTGUN,6.0,3,3,3,2,0,0,0,0,0.0,11
523,2022091102,756,-1.0,I_FORM,7.0,4,2,2,1,4,2,2,1,-1.0,-2
524,2022091106,792,6.0,SHOTGUN,3.0,4,1,1,1,0,0,0,0,3.0,9
525,2022091109,2824,10.0,SHOTGUN,6.0,3,3,2,2,0,0,0,0,0.0,10
526,2022091108,1778,18.0,SHOTGUN,6.0,4,4,4,3,0,0,0,0,-2.0,16
527,2022091102,1631,6.0,SHOTGUN,6.0,3,3,3,3,0,0,0,0,0.0,6
528,2022091108,3688,8.0,SHOTGUN,6.0,2,2,2,2,0,0,0,0,0.0,8
529,2022091110,799,6.0,SHOTGUN,6.0,3,2,2,1,0,0,0,0,3.0,9
530,2022091113,2283,-3.0,SHOTGUN,7.0,3,1,1,1,0,0,0,0,7.0,4
531,2022091105,2887,2.0,EMPTY,6.0,3,2,1,1,1,0,0,0,5.0,7
532,2022091103,4434,18.0,SHOTGUN,5.0,1,1,0,0,0,0,0,0,2.0,20
533,2022091112,3200,0.0,SHOTGUN,6.0,2,2,1,1,0,0,0,0,5.0,5
534,2022091111,2089,4.0,I_FORM,6.0,3,3,2,2,1,1,0,0,1.0,5
535,2022091101,1720,13.0,SINGLEBACK,7.0,3,2,2,2,0,0,0,0,3.0,16
536,2022091103,3825,-2.0,SHOTGUN,5.0,2,2,1,1,0,0,0,0,11.0,9
537,2022091100,783,2.0,SHOTGUN,6.0,4,3,2,2,1,0,0,0,0.0,2
538,2022091200,1851,-3.0,SHOTGUN,4.0,3,2,1,1,3,3,2,1,13.0,10
539,2022091200,2188,-1.0,SINGLEBACK,7.0,4,1,1,1,0,0,0,0,4.0,3
540,2022091103,719,17.0,PISTOL,6.0,3,2,2,1,0,0,0,0,14.0,31
541,2022091113,3455,7.0,SHOTGUN,6.0,3,3,2,2,0,0,0,0,0.0,7
542,2022091108,318,-5.0,SHOTGUN,6.0,3,1,1,1,0,0,0,0,11.0,6
543,2022091106,442,20.0,I_FORM,8.0,2,2,2,1,0,0,0,0,3.0,23
544,2022091100,1928,5.0,SHOTGUN,4.0,5,2,1,1,0,0,0,0,3.0,8
545,2022091104,4075,3.0,SHOTGUN,6.0,2,2,2,2,0,0,0,0,4.0,7
546,2022091110,913,-2.0,SHOTGUN,6.0,6,2,2,1,4,3,1,0,6.0,4
547,2022091105,3094,18.0,SHOTGUN,6.0,3,1,1,1,0,0,0,0,5.0,23
548,2022090800,775,5.0,SHOTGUN,5.0,2,2,2,1,0,0,0,0,1.0,6
549,2022091100,3578,18.0,SHOTGUN,6.0,4,3,3,1,0,0,0,0,2.0,20
550,2022090800,1230,7.0,SHOTGUN,6.0,3,2,2,2,2,0,0,0,5.0,12
551,2022091111,451,0.0,I_FORM,8.0,2,2,2,2,0,0,0,0,1.0,1
552,2022091103,3389,4.0,EMPTY,4.0,4,3,2,2,0,0,0,0,7.0,11
553,2022091112,1584,5.0,SHOTGUN,6.0,2,1,1,1,0,0,0,0,6.0,11
554,2022091101,85,-7.0,SHOTGUN,6.0,3,2,2,2,2,2,1,0,2.0,-5
555,2022091200,1579,22.0,PISTOL,7.0,3,2,1,1,0,0,0,0,3.0,25
556,2022091100,2135,4.0,SHOTGUN,6.0,3,3,3,3,1,0,0,0,2.0,6
557,2022091101,184,2.0,SHOTGUN,7.0,3,2,2,1,1,0,0,0,0.0,2
558,2022091105,1170,6.0,SINGLEBACK,6.0,2,1,1,1,0,0,0,0,22.0,28
559,2022090800,1358,-2.0,EMPTY,7.0,4,3,3,1,4,3,2,1,5.0,3
560,2022091107,1445,-4.0,SHOTGUN,6.0,2,2,1,1,0,0,0,0,10.0,6
561,2022091111,973,0.0,SINGLEBACK,7.0,5,3,2,2,1,0,0,0,3.0,3
562,2022091104,953,6.0,SHOTGUN,6.0,4,3,2,2,1,0,0,0,10.0,16
563,2022091105,2345,-3.0,I_FORM,6.0,2,1,1,1,3,2,1,0,8.0,5
564,2022091113,1766,47.0,SHOTGUN,4.0,2,2,2,2,0,0,0,0,1.0,48
565,2022090800,1836,-3.0,SHOTGUN,6.0,4,2,2,1,3,1,1,0,2.0,-1
566,2022091107,2987,3.0,SHOTGUN,6.0,4,2,2,2,1,0,0,0,3.0,6
567,2022091110,1163,0.0,SHOTGUN,6.0,3,2,1,1,1,1,0,0,8.0,8
568,2022091102,2132,6.0,SHOTGUN,4.0,2,2,1,1,0,0,0,0,3.0,9
569,2022091103,3147,3.0,PISTOL,6.0,2,2,2,2,0,0,0,0,0.0,3
570,2022091106,3138,8.0,SHOTGUN,5.0,4,4,4,1,0,0,0,0,3.0,11
571,2022091107,2219,-6.0,SHOTGUN,6.0,4,2,2,1,3,2,1,0,6.0,0
572,2022091109,2579,0.0,SHOTGUN,5.0,4,2,2,1,2,2,1,0,6.0,6
573,2022091109,1997,13.0,SHOTGUN,6.0,5,2,2,2,0,0,0,0,2.0,15
574,2022091200,3747,-3.0,SHOTGUN,6.0,4,3,2,2,2,2,2,1,-1.0,-4
575,2022091103,2243,6.0,SHOTGUN,5.0,2,2,2,2,0,0,0,0,0.0,6
576,2022091108,2867,-5.0,SHOTGUN,6.0,2,2,1,1,0,0,0,0,9.0,4
577,2022091100,166,8.0,I_FORM,7.0,3,2,2,1,1,0,0,0,3.0,11
578,2022091100,2555,-6.0,SHOTGUN,7.0,3,2,2,1,3,1,0,0,7.0,1
579,2022091100,458,-2.0,EMPTY,5.0,4,1,1,1,5,3,2,0,7.0,5
580,2022090800,1563,10.0,SHOTGUN,6.0,2,2,2,2,0,0,0,0,0.0,10
581,2022091112,917,0.0,SHOTGUN,6.0,3,1,1,1,0,0,0,0,22.0,22
582,2022091100,1335,7.0,SHOTGUN,6.0,3,3,2,1,1,0,0,0,4.0,11
583,2022091102,2759,6.0,SHOTGUN,6.0,4,3,3,3,0,0,0,0,1.0,7
584,2022090800,2884,3.0,EMPTY,5.0,2,2,2,2,0,0,0,0,1.0,4
585,2022091200,201,14.0,SHOTGUN,6.0,1,1,1,1,0,0,0,0,24.0,38
586,2022091105,4858,-5.0,SHOTGUN,6.0,3,2,1,1,3,1,0,0,6.0,1
587,2022091106,1774,7.0,SHOTGUN,6.0,4,3,3,2,1,1,1,0,0.0,7
588,2022091112,3246,3.0,SHOTGUN,4.0,3,3,2,1,0,0,0,0,2.0,5
589,2022091108,3774,4.0,SHOTGUN,7.0,3,2,2,2,1,0,0,0,2.0,6
590,2022091106,2066,7.0,SINGLEBACK,7.0,3,3,3,2,0,0,0,0,0.0,7
591,2022091111,1862,16.0,SHOTGUN,5.0,2,2,1,1,0,0,0,0,2.0,18
592,2022091112,3332,7.0,SHOTGUN,6.0,2,2,1,1,0,0,0,0,2.0,9
593,2022091101,3707,-7.0,SINGLEBACK,8.0,4,3,1,1,2,2,1,0,9.0,2
594,2022091110,2085,14.0,EMPTY,5.0,2,2,2,1,0,0,0,0,4.0,18
595,2022091102,189,-2.0,PISTOL,6.0,9,5,4,0,9,5,4,0,8.0,6
596,2022091100,2616,16.0,PISTOL,7.0,3,2,2,2,0,0,0,0,-1.0,15
597,2022091107,2635,10.0,EMPTY,5.0,4,2,1,1,0,0,0,0,5.0,15
598,2022091106,657,4.0,SHOTGUN,7.0,4,3,3,3,1,0,0,0,3.0,7
599,2022091113,1146,-3.0,SHOTGUN,6.0,2,1,1,1,1,1,0,0,12.0,9
600,2022091100,4102,16.0,SHOTGUN,6.0,2,2,2,2,0,0,0,0,1.0,17
601,2022091107,202,-4.0,SINGLEBACK,7.0,3,1,1,1,0,0,0,0,8.0,4
602,2022091106,314,4.0,SHOTGUN,6.0,3,2,2,2,0,0,0,0,1.0,5
603,2022091111,694,4.0,SHOTGUN,7.0,3,2,2,2,0,0,0,0,1.0,5
604,2022090800,1334,12.0,EMPTY,5.0,4,3,2,1,0,0,0,0,0.0,12
605,2022091200,3826,-6.0,SHOTGUN,3.0,2,1,1,1,0,0,0,0,15.0,9
606,2022091105,936,12.0,I_FORM,7.0,3,3,2,1,0,0,0,0,2.0,14
607,2022091105,3971,11.0,SHOTGUN,4.0,2,2,2,2,0,0,0,0,1.0,12
608,2022091109,3357,3.0,EMPTY,5.0,2,2,2,2,0,0,0,0,14.0,17
609,2022091105,2637,0.0,SHOTGUN,7.0,4,2,2,1,1,1,0,0,4.0,4
610,2022091104,4197,3.0,EMPTY,5.0,3,3,3,3,0,0,0,0,0.0,3
611,2022091103,2291,15.0,SHOTGUN,6.0,3,3,2,2,0,0,0,0,9.0,24
612,2022091104,3148,-2.0,SHOTGUN,6.0,5,4,3,3,4,3,1,1,2.0,0
613,2022091106,1966,-3.0,EMPTY,6.0,4,2,1,1,3,2,1,0,8.0,5
614,2022090800,569,8.0,SHOTGUN,6.0,5,4,3,3,0,0,0,0,2.0,10
615,2022091112,941,3.0,I_FORM,6.0,3,2,2,1,0,0,0,0,9.0,12
616,2022091103,902,-2.0,SHOTGUN,6.0,1,1,1,1,0,0,0,0,9.0,7
617,2022091200,1320,-2.0,SHOTGUN,6.0,2,1,1,1,2,2,2,1,11.0,9
618,2022091100,2303,9.0,SINGLEBACK,8.0,2,2,1,1,0,0,0,0,0.0,9
619,2022091112,3766,7.0,SHOTGUN,4.0,2,2,2,1,0,0,0,0,18.0,25
620,2022091107,2243,-3.0,EMPTY,3.0,1,1,1,1,1,0,0,0,12.0,9
621,2022091112,2840,16.0,SHOTGUN,6.0,2,2,2,2,0,0,0,0,6.0,22
622,2022091112,133,13.0,SHOTGUN,6.0,2,2,2,2,0,0,0,0,7.0,20
623,2022091101,850,3.0,SINGLEBACK,8.0,2,2,2,2,1,0,0,0,0.0,3
624,2022091104,1962,2.0,SINGLEBACK,7.0,4,3,3,2,1,0,0,0,0.0,2
625,2022091109,3597,39.0,SHOTGUN,6.0,3,3,3,1,0,0,0,0,10.0,49
626,2022091111,542,9.0,SHOTGUN,5.0,3,3,3,2,0,0,0,0,13.0,22
627,2022091104,3434,-7.0,SINGLEBACK,6.0,3,3,3,1,3,2,1,0,32.0,25
628,2022091110,3092,0.0,SHOTGUN,6.0,2,2,1,1,0,0,0,0,7.0,7
629,2022091106,2405,2.0,SHOTGUN,6.0,3,2,2,2,0,0,0,0,14.0,16
630,2022091103,2172,-3.0,SHOTGUN,5.0,1,1,1,1,0,0,0,0,14.0,11
631,2022091110,1256,4.0,SHOTGUN,6.0,3,2,2,2,0,0,0,0,2.0,6
632,2022091103,295,2.0,EMPTY,5.0,3,3,3,2,0,0,0,0,1.0,3
633,2022091100,3475,6.0,SHOTGUN,6.0,2,2,2,2,0,0,0,0,1.0,7
634,2022091107,1075,3.0,SHOTGUN,7.0,1,1,1,1,0,0,0,0,8.0,11
635,2022091105,1542,2.0,SHOTGUN,6.0,3,2,2,1,0,0,0,0,1.0,3
636,2022091113,1283,14.0,,,3,2,1,1,1,1,0,0,6.0,20
637,2022091109,563,3.0,SHOTGUN,6.0,2,2,2,2,0,0,0,0,0.0,3
638,2022091104,3730,4.0,EMPTY,5.0,2,2,1,1,0,0,0,0,3.0,7
639,2022091103,926,5.0,EMPTY,4.0,2,2,2,1,1,0,0,0,5.0,10
640,2022091107,935,1.0,SHOTGUN,6.0,2,2,2,2,0,0,0,0,1.0,2
641,2022091102,239,17.0,SINGLEBACK,7.0,2,2,1,1,0,0,0,0,14.0,31
642,2022091101,382,-6.0,SINGLEBACK,8.0,4,4,2,2,5,4,2,0,22.0,16
643,2022091109,978,6.0,SHOTGUN,8.0,2,2,2,2,0,0,0,0,0.0,6
644,2022091111,142,3.0,SINGLEBACK,7.0,2,2,1,1,0,0,0,0,6.0,9
645,2022090800,3431,6.0,SHOTGUN,3.0,3,3,3,1,0,0,0,0,-1.0,5
646,2022091104,3956,0.0,SINGLEBACK,7.0,2,2,2,1,0,0,0,0,5.0,5
647,2022091107,3115,3.0,EMPTY,5.0,3,3,2,2,1,0,0,0,1.0,4
648,2022091100,2374,13.0,PISTOL,6.0,3,2,1,1,0,0,0,0,0.0,13
649,2022091108,1015,6.0,SHOTGUN,7.0,3,3,3,3,0,0,0,0,1.0,7
650,2022091100,3355,6.0,SHOTGUN,5.0,3,3,2,2,0,0,0,0,3.0,9
651,2022091200,762,0.0,SHOTGUN,6.0,2,2,2,1,1,0,0,0,12.0,12
652,2022091100,3148,4.0,SHOTGUN,5.0,1,1,1,1,0,0,0,0,11.0,15
653,2022091108,633,5.0,SHOTGUN,4.0,1,1,1,1,0,0,0,0,11.0,16
654,2022091100,3647,16.0,SHOTGUN,6.0,4,3,2,2,2,0,0,0,-2.0,14
655,2022091104,2736,1.0,SINGLEBACK,7.0,2,2,2,2,0,0,0,0,1.0,2
656,2022091111,208,11.0,SHOTGUN,5.0,4,4,3,3,1,1,1,1,14.0,25
657,2022090800,646,-3.0,SINGLEBACK,6.0,4,3,2,2,3,1,1,0,8.0,5
658,2022091113,2954,3.0,SHOTGUN,7.0,2,1,1,1,0,0,0,0,3.0,6
659,2022091200,346,20.0,SINGLEBACK,6.0,2,1,1,1,0,0,0,0,7.0,27
660,2022091105,4438,8.0,SHOTGUN,5.0,5,3,2,1,1,1,0,0,4.0,12
661,2022091101,272,6.0,SHOTGUN,7.0,3,3,1,1,0,0,0,0,0.0,6
662,2022091100,2960,12.0,PISTOL,7.0,2,2,2,1,0,0,0,0,6.0,18
663,2022090800,1286,0.0,SINGLEBACK,6.0,2,1,1,1,0,0,0,0,6.0,6
664,2022091109,3568,13.0,EMPTY,6.0,1,1,1,1,0,0,0,0,14.0,27
665,2022091113,2743,4.0,SHOTGUN,6.0,3,2,2,2,1,1,0,0,9.0,13
666,2022091200,286,0.0,I_FORM,7.0,1,1,1,1,1,0,0,0,25.0,25
667,2022091200,3101,17.0,SHOTGUN,5.0,4,2,2,1,0,0,0,0,0.0,17
668,2022091102,3119,0.0,SHOTGUN,6.0,4,3,2,1,1,1,1,0,8.0,8
669,2022091105,3070,5.0,SHOTGUN,6.0,3,2,1,0,0,0,0,0,8.0,13
670,2022091107,868,1.0,SHOTGUN,6.0,2,1,1,1,0,0,0,0,8.0,9
671,2022091110,2356,5.0,SHOTGUN,6.0,4,2,2,2,1,0,0,0,0.0,5
672,2022091104,803,3.0,SHOTGUN,6.0,3,1,1,1,0,0,0,0,8.0,11
673,2022091110,171,6.0,SHOTGUN,5.0,2,2,2,1,0,0,0,0,4.0,10
674,2022091200,1550,-2.0,SINGLEBACK,7.0,5,3,2,1,1,0,0,0,6.0,4
675,2022091112,62,-1.0,SINGLEBACK,7.0,3,1,1,1,1,0,0,0,13.0,12
676,2022091112,1207,37.0,SINGLEBACK,6.0,2,1,1,1,0,0,0,0,27.0,64
677,2022091110,1868,14.0,EMPTY,6.0,3,1,1,1,1,1,1,0,5.0,19
678,2022091103,4175,3.0,SHOTGUN,6.0,3,3,3,2,0,0,0,0,2.0,5
679,2022091200,1217,-3.0,SINGLEBACK,6.0,4,2,2,2,1,1,1,1,-5.0,-8
680,2022091110,1203,5.0,SHOTGUN,5.0,3,2,2,1,1,0,0,0,2.0,7
681,2022091111,1975,5.0,SHOTGUN,7.0,3,3,2,2,1,0,0,0,4.0,9
682,2022091110,3492,-6.0,SHOTGUN,7.0,3,3,1,0,5,2,0,0,24.0,18
683,2022091105,841,10.0,I_FORM,7.0,4,3,1,1,0,0,0,0,7.0,17
684,2022091107,3933,3.0,SHOTGUN,5.0,4,4,2,2,1,1,0,0,2.0,5
685,2022091111,770,5.0,SHOTGUN,6.0,3,2,2,2,1,0,0,0,0.0,5
686,2022091110,2925,5.0,EMPTY,5.0,3,2,2,1,0,0,0,0,3.0,8
687,2022091200,3467,0.0,SINGLEBACK,7.0,4,3,3,2,1,0,0,0,2.0,2
